doc_id,base_score,final_score,personal_score,global_score,context_score,base_weight,personal_weight,global_weight,context_weight
doc1,0.5,0.71,0.8400000000000001,1.0,0.5,0.3,0.25,0.25,0.2
doc2,0.6,0.74,0.8400000000000001,1.0,0.5,0.3,0.25,0.25,0.2
doc3,0.7,0.77,0.8400000000000001,1.0,0.5,0.3,0.25,0.25,0.2
doc4,0.8,0.715,0.5,1.0,0.5,0.3,0.25,0.25,0.2
doc5,0.9,0.745,0.5,1.0,0.5,0.3,0.25,0.25,0.2
