agent_id,metric_type,convergence_rate,stability_index,adaptation_speed,final_performance,learning_efficiency
agent_a,adaptation_effectiveness,0.01228757719197299,0.04865160722033277,4.544342611583059,53.068456449870006,1.1636283210170006
agent_b,adaptation_effectiveness,0.038669276268687165,0.6155301150756711,3.475874171711978,100.0,2.2747967561337132
agent_c,adaptation_effectiveness,0.009907376203537382,0.015961968262871093,4.780932326436899,78.66484647373619,1.6515304128150539
